<?xml version="1.0" encoding="UTF-8"?>
<project-private xmlns="http://www.netbeans.org/ns/project-private/1">
    <editor-bookmarks xmlns="http://www.netbeans.org/ns/editor-bookmarks/2" lastBookmarkId="0"/>
    <open-files xmlns="http://www.netbeans.org/ns/projectui-open-files/2">
        <group>
            <file>file:/C:/Dev/Tugas%204%20PBO%20Mila/operasi_aritmatikaa/src/Luas_segitiga/luas_segitiga.java</file>
            <file>file:/C:/Dev/Tugas%204%20PBO%20Mila/operasi_aritmatikaa/src/Luas_Persegi_Panjang/luas_persegi_panjang.java</file>
            <file>file:/C:/Dev/Tugas%204%20PBO%20Mila/operasi_aritmatikaa/src/Luas_Lingkaran/luas_lingkaran.java</file>
        </group>
    </open-files>
</project-private>
